gender,race/ethnicity,parental level of education,lunch,test preparation course,reading score,writing score,math score
female,group B,bachelor's degree,free/reduced,none,76,88,76
female,group A,high school,free/reduced,completed,66,81,72
female,group D,master's degree,standard,none,78,68,66
female,group C,high school,free/reduced,none,91,58,72
male,group B,bachelor's degree,free/reduced,none,65,78,56
male,group D,some college,free/reduced,none,65,73,70
male,group D,associate's degree,free/reduced,completed,92,81,86
female,group D,some college,free/reduced,completed,80,77,71
male,group B,master's degree,free/reduced,completed,61,83,77
female,group B,associate's degree,free/reduced,completed,77,59,75
male,group E,some college,standard,none,62,87,61
female,group E,associate's degree,standard,completed,62,70,59
male,group A,high school,free/reduced,none,72,99,79
male,group B,bachelor's degree,free/reduced,none,40,57,40
female,group B,some college,free/reduced,completed,43,94,75
male,group B,master's degree,standard,none,60,70,63
female,group E,high school,standard,completed,53,58,53
male,group D,some college,free/reduced,completed,73,60,50
male,group C,high school,standard,completed,55,63,64
female,group E,master's degree,free/reduced,completed,47,74,50
female,group B,some college,free/reduced,completed,90,75,82
male,group E,master's degree,free/reduced,none,65,59,64
male,group A,associate's degree,free/reduced,completed,70,67,79
male,group B,master's degree,free/reduced,completed,47,100,63
male,group A,associate's degree,free/reduced,none,60,93,52
male,group B,some college,free/reduced,completed,70,74,73
male,group E,associate's degree,standard,completed,51,68,73
female,group D,some college,free/reduced,none,74,69,81
female,group C,some college,standard,none,59,77,69
female,group A,bachelor's degree,free/reduced,completed,64,52,54
male,group E,some college,free/reduced,none,59,64,67
male,group D,associate's degree,standard,completed,96,42,61
male,group E,bachelor's degree,standard,none,68,73,74
female,group A,bachelor's degree,free/reduced,completed,53,77,69
female,group C,some college,standard,completed,81,60,78
male,group E,master's degree,free/reduced,completed,50,91,92
male,group B,master's degree,free/reduced,none,72,49,63
female,group D,bachelor's degree,standard,completed,39,46,38
female,group E,some college,standard,none,49,71,59
female,group D,master's degree,standard,completed,71,83,62
male,group B,some college,standard,completed,80,93,80
male,group C,some college,free/reduced,completed,71,61,62
male,group C,bachelor's degree,standard,completed,67,84,71
female,group B,bachelor's degree,standard,completed,64,67,66
female,group D,high school,standard,none,46,65,48
male,group E,master's degree,standard,none,58,81,78
male,group B,master's degree,standard,none,62,77,69
female,group A,master's degree,free/reduced,completed,84,44,63
male,group D,associate's degree,free/reduced,completed,74,90,79
female,group C,some college,standard,none,42,88,66
female,group B,bachelor's degree,standard,completed,73,58,72
male,group C,master's degree,free/reduced,completed,63,73,61
female,group D,high school,standard,completed,58,75,61
male,group C,master's degree,free/reduced,none,78,71,72
female,group B,some college,free/reduced,none,84,59,60
female,group D,some college,standard,none,82,57,62
male,group A,bachelor's degree,free/reduced,none,56,67,57
female,group B,associate's degree,standard,none,64,85,81
male,group E,bachelor's degree,standard,completed,73,76,76
male,group B,master's degree,free/reduced,completed,83,62,74
female,group D,high school,free/reduced,completed,61,79,76
male,group B,bachelor's degree,standard,completed,66,25,44
male,group A,associate's degree,free/reduced,none,52,85,71
male,group A,bachelor's degree,standard,none,51,41,45
male,group E,some college,free/reduced,completed,81,62,73
male,group C,master's degree,free/reduced,none,89,51,65
male,group D,master's degree,standard,completed,67,48,37
female,group D,master's degree,standard,completed,84,85,83
male,group C,master's degree,standard,completed,74,60,78
female,group A,master's degree,free/reduced,completed,59,73,73
female,group A,master's degree,standard,none,74,67,78
male,group B,high school,standard,completed,92,75,93
female,group E,associate's degree,free/reduced,none,68,69,69
female,group E,master's degree,free/reduced,completed,92,48,71
male,group E,associate's degree,standard,completed,29,82,50
male,group B,master's degree,standard,completed,81,60,67
male,group E,bachelor's degree,standard,completed,70,44,61
female,group C,master's degree,standard,none,64,61,72
female,group B,some college,free/reduced,completed,70,90,78
male,group C,high school,free/reduced,none,39,80,55
male,group B,bachelor's degree,standard,completed,65,62,63
female,group E,bachelor's degree,standard,completed,74,62,72
female,group C,some college,standard,completed,91,63,65
female,group C,master's degree,free/reduced,none,61,99,61
female,group C,high school,standard,completed,56,73,60
male,group B,bachelor's degree,standard,completed,61,74,57
female,group D,high school,free/reduced,completed,82,83,78
female,group E,bachelor's degree,free/reduced,completed,73,71,70
female,group C,master's degree,standard,completed,61,64,58
female,group D,bachelor's degree,standard,none,76,65,82
male,group E,bachelor's degree,free/reduced,none,70,66,70
male,group E,associate's degree,standard,completed,83,67,77
female,group C,master's degree,standard,completed,58,78,72
female,group C,some college,free/reduced,none,64,68,56
male,group B,some college,free/reduced,completed,63,78,78
male,group D,master's degree,free/reduced,none,47,66,55
female,group D,some college,standard,completed,73,69,76
female,group C,master's degree,free/reduced,completed,72,38,46
male,group E,some college,free/reduced,none,69,81,62
male,group C,associate's degree,standard,completed,65,73,75
male,group E,some college,standard,none,47,82,67
male,group E,bachelor's degree,free/reduced,none,62,24,35
male,group C,master's degree,free/reduced,none,63,99,74
male,group A,high school,standard,completed,56,65,69
female,group D,high school,standard,none,66,84,65
male,group E,master's degree,free/reduced,none,75,52,76
male,group E,associate's degree,free/reduced,completed,97,77,79
male,group A,some college,standard,completed,71,52,66
male,group B,associate's degree,free/reduced,completed,72,58,62
female,group A,high school,standard,completed,67,96,86
female,group A,master's degree,free/reduced,completed,40,65,48
male,group E,master's degree,standard,completed,68,71,68
female,group D,associate's degree,standard,none,69,81,75
female,group A,associate's degree,free/reduced,completed,100,75,79
female,group B,some college,free/reduced,none,66,70,73
female,group C,bachelor's degree,standard,completed,73,73,68
female,group A,bachelor's degree,free/reduced,none,68,100,82
female,group A,some college,free/reduced,none,51,67,51
male,group B,bachelor's degree,free/reduced,completed,86,71,58
male,group D,high school,standard,completed,80,83,79
male,group A,bachelor's degree,free/reduced,none,80,84,100
male,group A,some college,free/reduced,completed,55,85,76
male,group D,bachelor's degree,standard,completed,90,77,83
female,group B,master's degree,free/reduced,none,47,50,46
male,group A,associate's degree,free/reduced,none,77,92,84
male,group D,high school,standard,none,100,50,79
female,group A,master's degree,standard,completed,54,72,53
female,group C,master's degree,free/reduced,completed,60,56,66
male,group E,some college,free/reduced,completed,70,67,74
female,group C,associate's degree,standard,completed,61,72,72
female,group A,associate's degree,standard,none,45,72,62
female,group B,high school,free/reduced,completed,70,74,72
female,group E,some college,free/reduced,none,53,92,77
male,group C,high school,free/reduced,completed,76,74,79
female,group D,bachelor's degree,standard,completed,55,64,56
male,group B,master's degree,free/reduced,none,92,82,82
male,group C,high school,standard,completed,57,85,71
female,group D,master's degree,standard,completed,64,49,68
female,group A,some college,standard,none,81,76,68
female,group D,bachelor's degree,free/reduced,completed,50,78,52
male,group C,some college,free/reduced,none,72,63,68
female,group C,bachelor's degree,free/reduced,none,88,88,88
female,group A,bachelor's degree,standard,none,44,65,55
female,group D,master's degree,free/reduced,none,71,69,71
female,group D,some college,standard,completed,72,65,66
female,group A,some college,standard,completed,80,68,85
male,group D,high school,standard,completed,50,51,37
female,group A,some college,standard,none,49,46,40
female,group B,high school,standard,completed,76,91,82
female,group C,associate's degree,standard,completed,73,55,50
male,group B,associate's degree,free/reduced,completed,72,53,61
female,group E,associate's degree,standard,completed,74,35,67
male,group E,some college,free/reduced,none,58,58,58
male,group E,some college,standard,none,72,48,61
female,group A,high school,free/reduced,completed,73,92,72
female,group D,bachelor's degree,free/reduced,none,58,83,65
female,group B,high school,free/reduced,completed,96,57,73
male,group B,associate's degree,free/reduced,completed,76,100,85
male,group B,high school,standard,completed,51,82,76
male,group B,bachelor's degree,standard,none,78,63,74
male,group E,some college,standard,completed,54,30,33
male,group B,high school,standard,none,80,100,91
male,group D,associate's degree,free/reduced,none,86,47,70
female,group E,associate's degree,free/reduced,completed,56,43,58
female,group B,some college,free/reduced,none,83,83,95
male,group A,high school,standard,none,75,100,79
female,group C,bachelor's degree,free/reduced,completed,81,88,78
female,group C,some college,standard,none,97,76,76
male,group C,high school,free/reduced,none,65,76,68
male,group E,master's degree,free/reduced,completed,57,80,72
female,group B,associate's degree,free/reduced,completed,55,79,74
male,group E,bachelor's degree,free/reduced,none,56,72,63
male,group D,bachelor's degree,free/reduced,completed,67,69,65
female,group A,bachelor's degree,standard,completed,74,67,71
male,group A,associate's degree,free/reduced,none,73,56,57
female,group C,high school,standard,none,81,63,88
female,group C,some college,standard,completed,69,42,42
female,group C,high school,standard,none,90,66,79
female,group B,some college,standard,completed,65,53,75
female,group D,bachelor's degree,standard,completed,100,51,75
male,group D,high school,standard,none,78,70,72
male,group D,bachelor's degree,standard,none,56,88,69
male,group D,master's degree,standard,completed,52,81,65
male,group C,bachelor's degree,free/reduced,completed,76,44,70
female,group A,bachelor's degree,free/reduced,completed,65,53,41
female,group C,some college,standard,completed,79,82,92
male,group D,master's degree,standard,none,76,53,53
female,group C,bachelor's degree,standard,completed,67,64,63
male,group D,bachelor's degree,free/reduced,none,56,76,62
male,group E,master's degree,free/reduced,none,46,53,54
male,group A,master's degree,standard,completed,62,69,52
female,group E,high school,standard,none,81,47,67
female,group B,some college,free/reduced,none,72,58,81
female,group C,master's degree,free/reduced,completed,50,72,50
female,group B,master's degree,standard,none,71,44,59
male,group C,associate's degree,standard,none,74,74,68
female,group E,master's degree,standard,completed,55,67,64
female,group D,some college,standard,completed,71,76,73
female,group D,bachelor's degree,free/reduced,completed,69,71,64
male,group C,bachelor's degree,free/reduced,completed,51,88,73
male,group D,bachelor's degree,standard,completed,74,69,85
female,group E,bachelor's degree,standard,completed,77,61,67
female,group D,associate's degree,standard,completed,85,69,82
female,group E,master's degree,free/reduced,none,84,76,69
female,group B,bachelor's degree,standard,none,48,68,50
male,group E,high school,standard,completed,54,68,64
female,group A,bachelor's degree,standard,none,76,57,78
female,group A,master's degree,free/reduced,none,76,58,69
female,group A,bachelor's degree,standard,completed,76,46,58
male,group C,associate's degree,free/reduced,none,100,94,96
male,group C,some college,standard,completed,77,49,52
female,group C,some college,standard,none,86,57,76
female,group E,master's degree,standard,completed,83,57,77
female,group C,some college,free/reduced,none,78,81,75
female,group B,some college,standard,none,64,63,59
female,group A,high school,standard,none,80,86,85
male,group E,master's degree,free/reduced,completed,57,57,53
male,group A,master's degree,free/reduced,none,65,72,67
male,group C,some college,free/reduced,none,61,55,74
female,group E,some college,standard,completed,70,100,83
male,group D,some college,free/reduced,completed,100,50,72
male,group B,associate's degree,standard,none,40,72,50
male,group C,bachelor's degree,free/reduced,none,79,77,83
female,group C,associate's degree,free/reduced,none,44,74,57
female,group B,master's degree,free/reduced,none,61,65,57
male,group B,high school,standard,completed,85,66,86
female,group D,bachelor's degree,standard,none,69,68,79
male,group C,high school,standard,none,52,65,53
male,group C,master's degree,standard,completed,58,82,55
male,group A,master's degree,standard,none,79,100,97
male,group E,high school,standard,none,58,59,53
female,group E,high school,standard,none,72,47,65
female,group A,high school,standard,completed,69,66,51
female,group E,master's degree,standard,completed,59,100,86
female,group B,some college,free/reduced,none,100,55,67
male,group E,high school,free/reduced,none,78,92,90
female,group E,bachelor's degree,standard,completed,38,93,65
male,group A,master's degree,standard,none,71,59,57
female,group D,associate's degree,standard,none,59,76,64
female,group E,associate's degree,standard,completed,81,92,91
female,group E,bachelor's degree,free/reduced,completed,57,62,60
male,group D,some college,free/reduced,completed,67,64,70
male,group A,high school,standard,none,76,59,83
male,group D,master's degree,free/reduced,none,81,52,53
male,group A,high school,free/reduced,none,50,58,66
female,group B,master's degree,standard,none,63,49,56
male,group A,associate's degree,standard,completed,61,68,57
male,group B,high school,standard,none,59,56,46
female,group B,bachelor's degree,standard,none,95,71,81
female,group A,some college,free/reduced,completed,75,44,66
male,group C,bachelor's degree,standard,completed,50,72,59
female,group A,some college,free/reduced,none,82,80,93
male,group E,high school,standard,completed,100,38,57
female,group E,high school,free/reduced,completed,84,73,78
male,group C,some college,standard,none,46,86,55
male,group B,associate's degree,standard,none,61,49,57
male,group C,master's degree,free/reduced,none,88,93,97
male,group E,bachelor's degree,free/reduced,none,58,74,62
male,group C,bachelor's degree,free/reduced,completed,75,57,45
female,group A,bachelor's degree,standard,completed,80,67,75
male,group C,high school,free/reduced,none,55,76,68
male,group B,bachelor's degree,free/reduced,none,68,69,71
male,group A,master's degree,free/reduced,completed,20,76,57
male,group D,master's degree,free/reduced,none,53,54,44
male,group E,some college,free/reduced,none,65,70,72
female,group E,high school,free/reduced,none,50,46,57
female,group C,master's degree,free/reduced,none,93,66,65
male,group A,associate's degree,free/reduced,completed,47,54,53
female,group D,high school,free/reduced,none,62,56,54
male,group A,high school,standard,completed,70,86,77
female,group E,master's degree,standard,none,90,84,89
female,group A,associate's degree,free/reduced,none,47,77,58
male,group D,some college,standard,completed,86,51,63
female,group C,master's degree,standard,none,69,63,66
female,group B,associate's degree,free/reduced,completed,54,86,61
male,group A,high school,free/reduced,none,75,70,63
male,group B,associate's degree,free/reduced,none,71,100,90
female,group E,high school,free/reduced,none,59,73,56
female,group C,master's degree,free/reduced,none,70,70,75
female,group C,master's degree,free/reduced,none,63,63,66
male,group A,bachelor's degree,standard,completed,70,70,56
female,group C,bachelor's degree,free/reduced,completed,78,65,66
female,group A,bachelor's degree,standard,none,92,78,94
female,group A,master's degree,free/reduced,none,50,82,58
male,group B,some college,free/reduced,completed,100,56,74
male,group C,master's degree,standard,completed,39,48,47
male,group A,associate's degree,free/reduced,none,66,40,59
male,group B,master's degree,free/reduced,none,77,75,73
female,group D,master's degree,standard,completed,73,51,57
male,group B,high school,free/reduced,none,59,35,58
female,group B,high school,standard,completed,65,73,82
female,group A,high school,free/reduced,none,61,100,88
female,group E,master's degree,free/reduced,completed,60,67,64
female,group E,some college,standard,completed,81,80,74
male,group E,associate's degree,free/reduced,none,74,69,64
male,group B,associate's degree,standard,completed,58,66,66
male,group A,some college,standard,none,82,81,84
male,group C,some college,standard,none,73,63,79
male,group B,associate's degree,free/reduced,none,81,72,81
female,group B,bachelor's degree,free/reduced,none,78,72,62
male,group A,high school,standard,completed,56,57,64
male,group D,high school,free/reduced,none,60,82,63
male,group B,associate's degree,free/reduced,none,80,65,69
male,group D,some college,free/reduced,none,78,56,69
female,group D,bachelor's degree,standard,none,68,76,87
female,group E,associate's degree,free/reduced,completed,70,54,86
female,group A,high school,standard,none,88,68,82
female,group D,master's degree,free/reduced,completed,60,67,62
female,group A,some college,free/reduced,completed,77,84,84
male,group E,master's degree,standard,completed,65,75,77
female,group A,associate's degree,free/reduced,none,65,67,63
female,group B,high school,standard,none,85,80,96
female,group D,bachelor's degree,free/reduced,none,81,88,86
male,group A,master's degree,standard,none,81,76,82
male,group C,bachelor's degree,free/reduced,completed,88,68,83
female,group A,high school,free/reduced,completed,69,48,61
male,group D,master's degree,free/reduced,none,79,52,72
male,group E,bachelor's degree,standard,none,64,63,58
female,group E,bachelor's degree,standard,none,73,58,61
male,group D,master's degree,standard,none,67,65,57
male,group B,high school,free/reduced,none,70,68,72
male,group B,bachelor's degree,standard,none,77,75,82
female,group E,associate's degree,standard,none,56,66,64
female,group E,master's degree,standard,completed,100,75,100
female,group D,some college,standard,completed,53,68,60
male,group B,some college,standard,completed,50,38,49
female,group E,high school,standard,completed,86,53,60
male,group B,associate's degree,standard,none,80,65,69
male,group E,bachelor's degree,standard,none,78,49,69
male,group A,some college,standard,none,78,76,83
female,group C,high school,standard,none,68,90,76
female,group A,associate's degree,free/reduced,none,55,86,69
female,group E,associate's degree,free/reduced,completed,70,64,54
female,group C,high school,standard,none,58,90,71
male,group C,high school,free/reduced,completed,83,70,83
female,group E,bachelor's degree,free/reduced,none,66,62,68
male,group E,high school,standard,completed,56,58,61
female,group B,bachelor's degree,standard,none,64,63,63
female,group E,bachelor's degree,standard,completed,75,62,68
female,group D,master's degree,free/reduced,none,60,70,59
male,group E,associate's degree,standard,none,56,70,68
male,group D,associate's degree,free/reduced,none,72,68,73
male,group E,associate's degree,standard,none,72,74,76
male,group B,master's degree,free/reduced,completed,61,85,68
male,group D,bachelor's degree,free/reduced,none,61,82,54
female,group A,bachelor's degree,standard,completed,72,45,67
male,group D,high school,standard,none,47,29,34
male,group B,master's degree,free/reduced,completed,47,82,57
male,group D,high school,free/reduced,none,58,47,58
male,group E,master's degree,standard,none,65,64,61
female,group E,high school,standard,completed,73,50,69
male,group B,some college,free/reduced,none,91,40,70
female,group C,associate's degree,standard,none,81,76,83
female,group E,associate's degree,free/reduced,completed,66,79,61
female,group A,bachelor's degree,standard,none,68,59,73
male,group B,some college,standard,completed,53,29,43
female,group D,associate's degree,standard,none,68,59,60
male,group D,bachelor's degree,free/reduced,completed,64,73,69
male,group A,some college,standard,completed,73,45,44
male,group E,associate's degree,free/reduced,completed,56,70,66
male,group B,high school,standard,completed,76,67,63
male,group A,master's degree,free/reduced,none,91,76,72
female,group E,some college,free/reduced,none,67,69,55
female,group B,bachelor's degree,standard,completed,75,53,72
male,group D,some college,free/reduced,none,79,85,76
female,group B,bachelor's degree,free/reduced,none,62,65,75
male,group C,some college,free/reduced,none,72,67,65
female,group B,bachelor's degree,free/reduced,completed,69,54,47
female,group C,associate's degree,standard,none,70,61,56
female,group B,high school,standard,none,57,54,65
female,group C,associate's degree,standard,completed,69,65,65
female,group D,high school,free/reduced,none,76,93,80
male,group E,associate's degree,free/reduced,completed,90,47,69
male,group C,associate's degree,standard,completed,83,43,67
female,group C,some college,standard,completed,100,90,100
male,group D,master's degree,free/reduced,none,57,64,72
female,group C,bachelor's degree,standard,none,82,57,66
male,group A,bachelor's degree,standard,completed,71,83,66
female,group D,bachelor's degree,free/reduced,completed,100,58,75
female,group A,high school,standard,completed,56,95,77
female,group D,bachelor's degree,free/reduced,completed,56,78,59
male,group C,bachelor's degree,standard,completed,60,60,52
male,group A,some college,free/reduced,completed,37,100,71
female,group C,associate's degree,free/reduced,none,61,58,59
female,group D,bachelor's degree,free/reduced,completed,57,79,68
male,group C,master's degree,free/reduced,completed,71,72,65
male,group A,bachelor's degree,free/reduced,completed,74,87,78
male,group A,high school,standard,none,97,91,86
male,group C,high school,standard,none,83,68,82
male,group B,high school,standard,none,60,56,66
female,group D,bachelor's degree,free/reduced,none,55,74,49
male,group D,some college,standard,completed,76,57,59
female,group C,master's degree,free/reduced,none,49,98,61
female,group B,bachelor's degree,free/reduced,completed,96,70,77
male,group A,some college,standard,completed,86,62,73
male,group E,some college,free/reduced,completed,61,70,53
female,group E,bachelor's degree,standard,completed,43,47,37
male,group C,bachelor's degree,free/reduced,completed,89,53,62
female,group B,some college,free/reduced,completed,67,86,78
male,group B,some college,standard,none,87,58,73
male,group D,some college,free/reduced,none,45,52,42
male,group A,bachelor's degree,standard,none,60,76,69
female,group B,some college,free/reduced,none,69,85,72
male,group E,high school,standard,none,69,78,71
female,group A,bachelor's degree,free/reduced,completed,62,82,85
male,group A,high school,standard,none,78,56,77
female,group C,associate's degree,standard,none,52,46,38
male,group B,bachelor's degree,free/reduced,none,66,90,84
female,group C,associate's degree,standard,completed,70,63,72
female,group B,some college,free/reduced,completed,76,64,60
female,group D,some college,free/reduced,completed,79,87,89
female,group C,master's degree,standard,none,52,76,76
female,group C,some college,standard,none,45,74,50
female,group E,associate's degree,standard,none,88,100,86
male,group C,some college,standard,none,73,58,73
female,group B,bachelor's degree,standard,none,57,81,71
female,group E,some college,free/reduced,completed,92,68,84
female,group C,master's degree,standard,none,70,72,73
male,group C,some college,free/reduced,completed,86,90,91
male,group D,associate's degree,standard,none,70,75,61
male,group C,associate's degree,standard,completed,99,76,95
female,group A,some college,standard,completed,95,84,98
male,group E,associate's degree,free/reduced,completed,65,62,61
male,group A,associate's degree,standard,completed,83,55,68
female,group E,master's degree,free/reduced,none,78,52,52
female,group D,bachelor's degree,free/reduced,none,89,38,67
male,group C,master's degree,free/reduced,none,54,98,80
female,group C,high school,standard,completed,79,51,64
female,group C,master's degree,free/reduced,none,84,64,82
female,group E,some college,standard,none,42,63,49
female,group C,bachelor's degree,free/reduced,none,51,72,66
male,group A,some college,standard,none,38,80,50
female,group C,high school,free/reduced,completed,64,80,71
male,group D,bachelor's degree,standard,completed,79,59,67
male,group A,associate's degree,standard,none,91,65,79
male,group C,master's degree,standard,none,70,72,68
male,group C,some college,free/reduced,none,93,64,77
female,group B,high school,free/reduced,completed,48,92,76
female,group E,associate's degree,standard,completed,43,75,55
female,group A,master's degree,free/reduced,completed,68,79,60
male,group B,associate's degree,free/reduced,none,74,77,89
male,group D,master's degree,free/reduced,completed,68,85,87
male,group E,bachelor's degree,free/reduced,completed,37,70,43
female,group A,associate's degree,free/reduced,completed,67,48,63
male,group C,associate's degree,free/reduced,completed,49,73,56
female,group A,associate's degree,free/reduced,completed,79,58,70
female,group C,bachelor's degree,standard,none,74,60,69
female,group E,high school,standard,none,54,76,63
female,group C,master's degree,free/reduced,none,61,86,67
male,group D,associate's degree,standard,none,53,68,54
female,group C,bachelor's degree,standard,completed,68,72,62
male,group D,high school,standard,none,83,93,81
female,group E,master's degree,free/reduced,none,54,71,61
male,group E,bachelor's degree,free/reduced,none,76,100,82
male,group A,master's degree,free/reduced,completed,61,76,73
female,group D,associate's degree,free/reduced,none,57,41,60
female,group D,high school,free/reduced,completed,67,79,68
female,group B,bachelor's degree,standard,completed,53,73,64
male,group B,high school,free/reduced,completed,60,87,77
female,group B,associate's degree,standard,none,51,78,68
female,group C,high school,free/reduced,completed,98,65,82
male,group B,high school,standard,none,69,49,64
female,group D,some college,free/reduced,none,58,64,64
male,group C,high school,free/reduced,none,72,55,53
female,group E,master's degree,free/reduced,completed,67,59,69
male,group A,bachelor's degree,free/reduced,completed,65,76,77
male,group B,some college,free/reduced,none,78,93,79
female,group E,bachelor's degree,free/reduced,completed,80,73,76
male,group D,bachelor's degree,standard,completed,61,50,60
female,group A,associate's degree,free/reduced,completed,60,74,65
female,group E,associate's degree,standard,none,64,85,83
male,group A,some college,free/reduced,completed,34,58,64
female,group B,associate's degree,standard,completed,46,65,49
male,group D,associate's degree,standard,none,89,68,67
male,group A,associate's degree,standard,completed,93,56,76
male,group E,bachelor's degree,standard,none,65,77,76
male,group B,some college,standard,completed,77,66,69
male,group B,bachelor's degree,standard,completed,73,74,85
male,group E,master's degree,free/reduced,completed,100,54,66
male,group E,bachelor's degree,standard,completed,85,61,78
male,group A,master's degree,free/reduced,completed,67,78,67
female,group C,high school,free/reduced,completed,54,62,71
female,group B,high school,standard,none,44,93,84
male,group A,master's degree,standard,completed,72,62,60
female,group E,master's degree,free/reduced,completed,57,71,59
female,group A,bachelor's degree,standard,completed,47,81,70
female,group E,master's degree,standard,none,59,46,49
female,group D,some college,standard,none,52,41,46
female,group E,high school,standard,none,94,45,69
female,group E,high school,standard,completed,82,86,68
male,group E,master's degree,standard,completed,68,59,63
female,group C,associate's degree,standard,none,91,100,89
female,group E,associate's degree,free/reduced,none,70,59,60
female,group B,master's degree,standard,none,56,70,74
female,group B,some college,free/reduced,completed,91,91,80
male,group A,associate's degree,free/reduced,none,77,98,94
male,group C,master's degree,free/reduced,completed,53,98,73
male,group A,some college,free/reduced,completed,66,86,73
male,group B,some college,standard,completed,55,83,75
female,group B,bachelor's degree,free/reduced,none,48,76,64
male,group D,some college,free/reduced,completed,82,79,85
male,group E,associate's degree,free/reduced,none,97,59,85
male,group B,associate's degree,free/reduced,none,48,55,48
male,group A,master's degree,free/reduced,none,77,67,67
female,group A,master's degree,standard,none,59,65,53
male,group E,some college,standard,completed,61,61,54
female,group E,high school,free/reduced,completed,60,78,92
male,group D,bachelor's degree,standard,completed,56,82,78
female,group C,high school,standard,completed,69,69,58
female,group A,some college,free/reduced,none,56,90,62
male,group E,some college,free/reduced,none,73,50,65
male,group A,high school,free/reduced,none,68,65,70
male,group E,bachelor's degree,standard,none,65,57,65
male,group B,high school,free/reduced,completed,55,40,45
female,group A,master's degree,standard,none,60,66,61
female,group B,associate's degree,standard,completed,80,66,75
male,group A,master's degree,standard,none,76,90,83
male,group C,associate's degree,free/reduced,none,54,77,47
female,group D,some college,standard,none,70,52,59
male,group B,bachelor's degree,free/reduced,none,80,95,80
female,group E,high school,free/reduced,completed,43,86,65
male,group C,bachelor's degree,free/reduced,completed,77,76,100
female,group A,high school,free/reduced,completed,59,64,64
female,group B,master's degree,free/reduced,completed,77,53,62
female,group A,master's degree,standard,none,57,62,66
female,group A,high school,standard,none,41,84,66
female,group A,bachelor's degree,standard,completed,44,96,73
male,group D,high school,standard,completed,69,91,84
female,group D,some college,standard,none,72,60,82
male,group E,master's degree,free/reduced,none,55,51,43
female,group B,some college,free/reduced,completed,78,70,77
female,group C,master's degree,standard,completed,44,41,35
male,group C,master's degree,standard,completed,68,72,74
male,group C,associate's degree,standard,none,50,65,50
male,group A,some college,free/reduced,completed,59,61,56
male,group D,some college,free/reduced,completed,69,44,54
female,group B,associate's degree,free/reduced,completed,56,75,73
male,group A,bachelor's degree,standard,completed,63,60,68
female,group D,some college,standard,completed,84,50,57
male,group D,high school,standard,none,60,24,42
male,group B,associate's degree,standard,completed,81,67,68
female,group B,some college,free/reduced,none,52,94,62
female,group B,bachelor's degree,standard,completed,76,92,82
male,group A,some college,standard,completed,90,61,73
female,group E,master's degree,standard,completed,31,58,63
female,group B,high school,free/reduced,none,57,75,69
female,group E,associate's degree,free/reduced,none,77,53,53
female,group A,master's degree,standard,none,65,72,63
female,group E,bachelor's degree,free/reduced,completed,74,79,84
female,group C,master's degree,free/reduced,completed,59,86,89
female,group E,master's degree,free/reduced,none,70,66,55
female,group B,bachelor's degree,free/reduced,none,66,64,49
male,group A,master's degree,free/reduced,completed,86,54,84
female,group B,associate's degree,standard,none,72,55,66
male,group C,some college,standard,completed,74,64,62
female,group B,master's degree,standard,none,62,73,71
female,group B,associate's degree,free/reduced,none,61,81,49
female,group B,some college,free/reduced,none,62,55,58
female,group D,some college,free/reduced,completed,74,90,84
male,group C,master's degree,free/reduced,completed,62,63,69
male,group B,associate's degree,standard,none,73,67,61
female,group B,master's degree,standard,completed,100,56,78
male,group B,bachelor's degree,standard,completed,82,31,49
female,group A,some college,standard,completed,64,81,74
female,group D,master's degree,standard,completed,87,79,75
male,group A,some college,standard,none,62,63,59
male,group D,associate's degree,free/reduced,completed,38,69,45
female,group B,high school,free/reduced,completed,53,75,69
female,group C,master's degree,standard,none,40,44,48
male,group E,master's degree,free/reduced,completed,63,60,59
female,group E,some college,standard,completed,69,79,74
male,group B,associate's degree,standard,completed,94,49,59
female,group A,bachelor's degree,free/reduced,none,73,72,70
female,group C,associate's degree,standard,none,65,47,55
male,group D,master's degree,standard,completed,81,74,98
male,group B,bachelor's degree,standard,completed,35,67,42
male,group C,associate's degree,free/reduced,none,72,43,69
female,group C,high school,free/reduced,none,80,85,90
female,group D,some college,free/reduced,none,46,56,53
female,group C,associate's degree,free/reduced,completed,86,55,84
female,group A,associate's degree,standard,completed,74,71,75
male,group A,high school,free/reduced,none,62,85,76
female,group A,master's degree,free/reduced,completed,78,52,64
female,group C,some college,free/reduced,completed,100,68,93
female,group A,associate's degree,standard,completed,71,74,81
male,group D,bachelor's degree,free/reduced,completed,72,78,69
female,group C,associate's degree,free/reduced,completed,62,70,55
female,group E,some college,standard,completed,56,62,57
male,group C,associate's degree,standard,completed,81,55,61
female,group D,high school,standard,none,56,69,61
female,group E,associate's degree,standard,none,70,51,70
male,group C,associate's degree,free/reduced,none,61,24,38
female,group A,bachelor's degree,standard,none,76,74,74
female,group B,high school,free/reduced,none,74,81,77
female,group B,high school,free/reduced,none,84,32,64
male,group A,associate's degree,free/reduced,none,61,52,38
female,group B,bachelor's degree,free/reduced,none,64,77,65
female,group B,associate's degree,free/reduced,none,54,98,77
male,group A,associate's degree,standard,completed,62,68,74
male,group A,some college,free/reduced,completed,74,57,61
female,group C,some college,free/reduced,none,80,65,57
female,group C,bachelor's degree,free/reduced,completed,55,88,76
female,group A,master's degree,standard,completed,82,58,64
female,group D,some college,free/reduced,none,89,56,62
male,group B,master's degree,free/reduced,none,75,60,62
female,group C,high school,standard,none,97,53,73
male,group B,some college,free/reduced,completed,57,69,58
male,group E,some college,free/reduced,completed,50,92,53
female,group A,bachelor's degree,standard,none,42,72,64
female,group D,master's degree,free/reduced,completed,91,64,87
male,group E,some college,free/reduced,completed,78,63,75
male,group E,some college,free/reduced,completed,68,44,46
female,group E,bachelor's degree,free/reduced,none,73,81,75
male,group A,bachelor's degree,free/reduced,completed,52,66,58
female,group C,master's degree,standard,completed,100,65,87
female,group A,high school,standard,completed,70,100,90
male,group C,high school,standard,completed,70,72,65
male,group E,associate's degree,free/reduced,completed,79,56,68
female,group E,some college,free/reduced,completed,76,61,72
male,group D,master's degree,free/reduced,completed,72,85,90
female,group C,some college,standard,none,57,69,68
female,group E,master's degree,free/reduced,none,76,46,67
female,group B,master's degree,free/reduced,completed,97,81,89
male,group D,master's degree,free/reduced,none,89,57,84
female,group A,some college,standard,completed,92,96,97
female,group D,bachelor's degree,standard,completed,61,84,65
female,group B,some college,free/reduced,completed,54,61,68
female,group C,master's degree,free/reduced,none,67,87,82
female,group A,associate's degree,free/reduced,completed,69,69,65
female,group A,high school,standard,completed,85,80,78
female,group C,master's degree,standard,none,43,75,61
female,group D,associate's degree,standard,none,91,55,76
female,group E,bachelor's degree,free/reduced,completed,66,58,63
female,group D,master's degree,standard,none,62,83,74
female,group B,associate's degree,free/reduced,none,53,62,71
male,group E,master's degree,free/reduced,completed,44,61,61
female,group D,some college,standard,completed,81,53,68
female,group C,associate's degree,free/reduced,completed,70,74,79
female,group B,some college,standard,none,49,98,65
male,group B,some college,free/reduced,none,49,51,53
female,group B,associate's degree,free/reduced,none,63,68,79
male,group E,high school,standard,completed,94,89,89
female,group A,associate's degree,free/reduced,none,65,66,58
female,group E,high school,free/reduced,none,46,74,54
male,group D,master's degree,free/reduced,completed,65,52,49
female,group A,master's degree,free/reduced,completed,64,74,62
male,group D,associate's degree,free/reduced,completed,28,65,43
male,group A,master's degree,free/reduced,none,68,82,63
female,group E,bachelor's degree,free/reduced,completed,65,85,75
female,group B,some college,free/reduced,none,79,100,96
female,group C,some college,standard,none,96,76,78
female,group B,high school,standard,completed,85,72,90
male,group E,master's degree,free/reduced,completed,64,70,71
male,group A,high school,free/reduced,completed,52,62,65
female,group B,some college,standard,completed,100,73,81
male,group E,some college,free/reduced,completed,69,63,72
male,group D,master's degree,standard,none,69,70,60
female,group C,bachelor's degree,standard,none,68,87,84
male,group B,bachelor's degree,standard,none,71,52,62
male,group A,master's degree,free/reduced,completed,66,85,79
female,group D,master's degree,free/reduced,none,60,87,64
male,group E,high school,free/reduced,completed,60,66,55
female,group C,master's degree,standard,completed,68,36,56
male,group A,bachelor's degree,standard,none,60,58,51
female,group E,master's degree,standard,none,58,87,76
male,group E,high school,free/reduced,completed,70,67,57
male,group B,high school,standard,none,65,53,65
female,group B,high school,standard,completed,91,60,65
female,group A,high school,free/reduced,none,29,80,58
female,group E,associate's degree,standard,none,85,76,85
female,group B,master's degree,standard,none,87,64,69
male,group C,some college,free/reduced,none,37,62,54
male,group C,master's degree,free/reduced,none,63,62,64
male,group E,associate's degree,standard,completed,63,54,54
female,group B,high school,free/reduced,none,47,92,61
male,group A,associate's degree,standard,none,57,63,44
male,group A,bachelor's degree,free/reduced,none,52,86,71
female,group A,bachelor's degree,standard,completed,95,90,79
female,group C,master's degree,free/reduced,completed,83,82,83
male,group B,master's degree,standard,completed,88,61,72
female,group B,some college,free/reduced,completed,79,74,81
male,group C,some college,free/reduced,completed,52,67,57
male,group A,bachelor's degree,free/reduced,none,61,54,54
female,group A,high school,free/reduced,none,76,72,79
male,group E,associate's degree,free/reduced,none,50,50,52
female,group D,some college,free/reduced,completed,79,85,84
female,group B,some college,free/reduced,completed,65,61,66
male,group B,high school,standard,none,63,71,54
male,group B,high school,standard,completed,79,72,81
male,group D,master's degree,free/reduced,completed,75,64,74
female,group E,associate's degree,free/reduced,completed,63,76,61
male,group D,high school,standard,none,86,60,71
female,group A,some college,standard,none,52,81,66
female,group A,some college,free/reduced,completed,78,47,61
male,group B,bachelor's degree,standard,completed,77,69,75
female,group C,high school,standard,completed,64,97,91
male,group B,master's degree,free/reduced,completed,73,52,71
male,group C,associate's degree,free/reduced,none,50,57,43
male,group D,master's degree,free/reduced,completed,82,75,83
male,group A,some college,standard,none,66,70,78
male,group C,master's degree,free/reduced,none,61,73,70
male,group D,some college,free/reduced,none,84,75,88
male,group A,some college,standard,completed,58,77,83
female,group C,some college,free/reduced,none,47,84,73
male,group B,some college,standard,none,45,74,61
female,group B,some college,standard,completed,78,64,79
female,group B,bachelor's degree,standard,completed,49,78,64
female,group D,master's degree,standard,completed,95,96,95
male,group B,bachelor's degree,standard,none,37,66,48
female,group E,bachelor's degree,standard,completed,94,53,86
female,group A,high school,free/reduced,none,72,84,71
male,group D,high school,free/reduced,none,67,66,78
male,group B,high school,free/reduced,completed,60,35,51
female,group A,associate's degree,standard,none,74,80,65
male,group C,high school,free/reduced,none,68,59,66
male,group B,master's degree,standard,none,85,66,58
male,group A,bachelor's degree,free/reduced,none,70,72,76
male,group E,master's degree,standard,completed,71,70,77
female,group C,high school,free/reduced,none,63,78,65
male,group E,associate's degree,standard,completed,68,61,65
male,group A,associate's degree,free/reduced,none,73,75,89
male,group E,bachelor's degree,standard,none,43,64,49
female,group A,master's degree,free/reduced,completed,48,79,55
female,group A,some college,standard,none,80,77,90
male,group E,master's degree,free/reduced,none,71,53,77
male,group A,high school,free/reduced,none,66,84,75
female,group B,some college,free/reduced,none,69,59,72
male,group A,associate's degree,standard,none,74,80,87
male,group D,bachelor's degree,standard,none,60,73,60
female,group A,bachelor's degree,standard,completed,57,95,72
male,group D,associate's degree,standard,completed,71,64,77
male,group A,high school,standard,completed,54,62,71
female,group A,associate's degree,free/reduced,none,75,67,75
female,group E,high school,standard,none,43,63,45
male,group B,some college,free/reduced,none,84,79,97
female,group B,associate's degree,free/reduced,completed,76,43,55
male,group C,high school,standard,none,72,52,59
male,group E,some college,free/reduced,completed,83,51,69
male,group E,associate's degree,standard,none,93,82,99
female,group B,bachelor's degree,standard,none,84,93,95
female,group E,associate's degree,standard,none,41,66,56
male,group B,master's degree,free/reduced,completed,49,65,60
male,group E,associate's degree,standard,none,59,69,64
female,group A,master's degree,standard,completed,69,85,81
female,group B,some college,standard,none,76,54,44
female,group B,associate's degree,free/reduced,none,58,71,62
male,group D,some college,standard,completed,71,82,78
female,group E,some college,free/reduced,none,57,75,56
female,group E,high school,free/reduced,none,59,70,67
male,group B,some college,standard,none,47,83,63
male,group A,some college,free/reduced,none,55,27,55
male,group A,associate's degree,free/reduced,completed,48,78,75
female,group A,associate's degree,standard,completed,54,58,52
male,group E,bachelor's degree,standard,none,84,40,60
male,group D,high school,standard,none,54,75,63
male,group B,some college,free/reduced,completed,100,88,90
male,group C,high school,standard,none,76,65,72
female,group D,master's degree,free/reduced,completed,71,82,70
male,group C,some college,free/reduced,none,56,92,64
female,group D,high school,free/reduced,completed,79,87,87
female,group A,bachelor's degree,free/reduced,completed,60,92,81
female,group E,bachelor's degree,free/reduced,completed,70,79,68
male,group C,some college,standard,completed,100,69,91
female,group D,master's degree,standard,none,67,43,49
male,group E,bachelor's degree,free/reduced,none,86,64,77
male,group C,bachelor's degree,free/reduced,completed,58,55,63
male,group B,master's degree,standard,completed,68,100,83
female,group D,high school,standard,completed,95,65,83
male,group B,bachelor's degree,free/reduced,completed,59,69,59
male,group A,associate's degree,free/reduced,none,96,76,84
male,group B,bachelor's degree,standard,completed,79,68,71
female,group B,high school,standard,completed,60,93,70
female,group D,high school,free/reduced,completed,78,58,66
female,group A,some college,standard,completed,83,70,64
male,group B,associate's degree,standard,completed,78,56,63
female,group E,high school,free/reduced,completed,45,48,44
male,group C,master's degree,free/reduced,completed,58,58,55
male,group B,associate's degree,free/reduced,none,65,67,64
female,group A,associate's degree,standard,completed,67,61,63
male,group B,master's degree,free/reduced,completed,78,57,71
female,group C,bachelor's degree,standard,completed,71,46,65
male,group A,master's degree,free/reduced,none,48,66,51
female,group D,master's degree,free/reduced,none,74,45,49
male,group A,bachelor's degree,standard,none,78,79,70
male,group D,bachelor's degree,standard,completed,77,69,69
male,group A,bachelor's degree,free/reduced,completed,85,46,62
male,group C,bachelor's degree,free/reduced,completed,81,63,65
male,group C,bachelor's degree,standard,none,75,56,55
female,group A,master's degree,free/reduced,completed,67,72,65
male,group B,some college,standard,none,44,88,67
female,group C,some college,standard,none,75,39,61
female,group D,high school,free/reduced,none,72,69,66
female,group D,some college,standard,none,73,65,65
male,group E,some college,standard,none,49,78,56
male,group D,master's degree,standard,completed,52,71,61
male,group E,bachelor's degree,free/reduced,completed,84,56,63
female,group A,bachelor's degree,standard,none,68,63,70
male,group A,master's degree,free/reduced,completed,79,56,53
male,group A,some college,free/reduced,completed,69,84,73
female,group B,master's degree,free/reduced,none,69,68,70
female,group B,high school,standard,none,83,96,90
female,group E,bachelor's degree,standard,completed,61,67,85
female,group D,associate's degree,free/reduced,completed,70,57,66
female,group D,high school,free/reduced,completed,62,45,45
female,group A,high school,standard,completed,62,40,50
male,group C,master's degree,free/reduced,none,64,44,39
female,group B,some college,free/reduced,completed,72,72,71
male,group B,bachelor's degree,standard,none,61,75,61
male,group A,associate's degree,free/reduced,none,87,44,72
male,group B,high school,standard,completed,55,81,63
female,group A,associate's degree,standard,completed,66,60,62
male,group E,some college,free/reduced,completed,62,70,60
female,group D,some college,standard,none,90,92,100
female,group C,associate's degree,standard,none,71,81,73
male,group D,bachelor's degree,standard,none,84,63,88
female,group D,some college,free/reduced,none,46,54,56
male,group E,associate's degree,free/reduced,completed,73,35,57
male,group B,high school,free/reduced,none,82,57,72
female,group C,associate's degree,standard,none,70,64,70
male,group B,associate's degree,standard,completed,84,53,53
male,group D,master's degree,free/reduced,none,61,66,61
male,group A,some college,free/reduced,none,90,69,86
female,group D,bachelor's degree,standard,completed,100,64,81
male,group B,bachelor's degree,free/reduced,none,63,58,49
female,group D,master's degree,free/reduced,none,62,70,65
female,group A,bachelor's degree,free/reduced,none,90,74,95
male,group E,associate's degree,free/reduced,none,92,51,81
male,group B,master's degree,free/reduced,completed,61,89,74
female,group D,high school,standard,none,62,66,71
female,group B,some college,free/reduced,completed,64,68,63
male,group E,some college,free/reduced,none,48,78,49
male,group D,some college,standard,completed,55,71,55
female,group D,associate's degree,standard,completed,53,82,80
female,group B,high school,standard,completed,57,72,62
female,group B,master's degree,standard,none,68,58,61
female,group A,master's degree,free/reduced,none,72,73,70
female,group E,some college,free/reduced,none,92,50,86
male,group A,high school,free/reduced,completed,54,69,74
female,group D,high school,free/reduced,none,83,67,92
female,group B,high school,standard,none,65,64,63
male,group D,bachelor's degree,standard,none,68,66,69
male,group D,bachelor's degree,free/reduced,none,79,39,46
female,group C,some college,free/reduced,completed,52,59,67
female,group C,high school,free/reduced,completed,74,69,62
male,group D,high school,free/reduced,none,71,70,72
female,group B,master's degree,standard,none,76,52,55
female,group D,master's degree,free/reduced,none,73,86,74
male,group C,some college,standard,completed,100,55,70
female,group B,high school,standard,none,59,82,65
male,group D,some college,standard,completed,61,74,63
male,group E,master's degree,standard,completed,59,58,54
male,group E,master's degree,free/reduced,none,60,94,83
male,group D,bachelor's degree,free/reduced,none,59,50,45
female,group B,some college,free/reduced,none,86,81,85
male,group D,some college,free/reduced,completed,90,83,96
female,group D,high school,standard,completed,60,57,54
female,group C,high school,standard,none,56,88,66
female,group E,bachelor's degree,standard,completed,76,64,68
female,group C,associate's degree,free/reduced,none,60,72,75
female,group C,associate's degree,standard,none,78,71,76
male,group D,associate's degree,standard,completed,72,65,64
male,group C,some college,standard,completed,46,80,66
male,group E,some college,standard,completed,92,79,76
male,group C,master's degree,free/reduced,completed,95,41,73
female,group E,some college,standard,none,59,87,76
male,group C,some college,standard,none,63,43,50
female,group E,some college,free/reduced,none,73,83,71
female,group C,bachelor's degree,free/reduced,completed,74,84,71
male,group C,some college,free/reduced,none,78,51,68
male,group B,high school,standard,completed,99,61,89
male,group E,high school,standard,completed,66,51,53
male,group E,master's degree,standard,completed,57,64,64
female,group E,bachelor's degree,standard,none,48,63,38
female,group A,high school,free/reduced,completed,58,79,63
male,group C,bachelor's degree,standard,completed,68,87,77
female,group E,bachelor's degree,standard,completed,95,88,84
female,group A,master's degree,free/reduced,completed,61,59,52
female,group B,bachelor's degree,free/reduced,completed,72,64,62
male,group E,some college,free/reduced,completed,68,42,57
female,group E,bachelor's degree,standard,completed,86,55,69
male,group A,master's degree,standard,completed,100,82,73
male,group C,master's degree,standard,completed,61,92,59
female,group B,master's degree,standard,completed,61,49,50
female,group E,high school,standard,completed,84,59,75
male,group C,some college,free/reduced,completed,79,67,51
female,group B,high school,free/reduced,none,96,72,80
female,group D,associate's degree,standard,none,77,55,61
male,group D,some college,standard,completed,63,74,79
male,group B,bachelor's degree,standard,completed,77,60,65
male,group A,master's degree,standard,completed,85,67,79
male,group B,associate's degree,standard,none,81,76,79
female,group B,some college,free/reduced,none,76,68,54
female,group A,high school,free/reduced,none,85,61,79
male,group A,master's degree,free/reduced,completed,86,66,77
male,group C,high school,standard,completed,89,66,81
male,group C,some college,standard,completed,78,62,100
female,group A,some college,free/reduced,completed,66,64,48
male,group D,associate's degree,free/reduced,none,71,91,94
female,group D,bachelor's degree,standard,completed,87,76,79
male,group B,high school,free/reduced,none,56,63,61
male,group E,associate's degree,free/reduced,none,74,78,75
male,group B,master's degree,standard,completed,63,62,59
female,group B,bachelor's degree,free/reduced,none,69,85,72
female,group E,associate's degree,free/reduced,none,88,73,83
female,group A,high school,free/reduced,none,71,66,56
male,group D,some college,standard,none,69,74,77
female,group B,master's degree,free/reduced,completed,48,44,42
female,group E,high school,free/reduced,completed,80,51,56
male,group C,bachelor's degree,free/reduced,none,78,50,60
male,group B,bachelor's degree,standard,completed,100,70,95
female,group D,some college,standard,none,64,93,74
female,group A,some college,free/reduced,completed,72,100,88
female,group B,master's degree,standard,completed,72,77,68
female,group B,master's degree,free/reduced,completed,92,75,89
male,group E,some college,standard,completed,67,40,58
male,group C,some college,standard,completed,73,59,80
male,group C,bachelor's degree,free/reduced,none,78,56,65
female,group A,some college,free/reduced,completed,71,58,69
female,group D,associate's degree,free/reduced,none,62,65,64
male,group A,high school,standard,none,71,60,75
male,group B,some college,free/reduced,completed,85,38,55
female,group B,master's degree,standard,none,53,79,71
female,group C,associate's degree,standard,completed,70,51,58
male,group D,master's degree,free/reduced,none,58,71,63
male,group E,associate's degree,standard,none,86,99,93
male,group D,some college,free/reduced,completed,46,54,52
female,group B,high school,standard,completed,60,30,44
female,group E,master's degree,free/reduced,completed,74,63,70
female,group D,associate's degree,standard,completed,92,84,100
female,group D,bachelor's degree,standard,none,68,97,90
female,group E,some college,free/reduced,completed,60,49,61
female,group B,high school,standard,none,97,75,82
male,group D,some college,free/reduced,none,47,61,46
male,group E,bachelor's degree,standard,none,36,66,58
female,group B,high school,standard,none,75,100,94
male,group E,bachelor's degree,standard,none,61,45,64
female,group E,some college,free/reduced,none,53,71,57
male,group D,associate's degree,free/reduced,completed,79,75,75
female,group B,some college,free/reduced,none,72,84,64
male,group D,some college,free/reduced,none,60,69,61
male,group A,some college,free/reduced,none,49,72,68
female,group A,master's degree,standard,completed,82,62,68
female,group B,bachelor's degree,standard,completed,78,72,80
male,group E,bachelor's degree,free/reduced,none,67,62,62
male,group D,bachelor's degree,standard,completed,96,77,89
female,group D,master's degree,standard,none,52,62,47
male,group B,associate's degree,standard,completed,46,73,60
female,group B,some college,standard,none,58,67,38
female,group A,associate's degree,free/reduced,completed,68,84,74
male,group C,master's degree,standard,completed,72,67,56
female,group B,bachelor's degree,free/reduced,completed,65,41,62
male,group C,some college,free/reduced,none,74,86,86
male,group B,high school,standard,none,50,54,55
female,group E,high school,free/reduced,none,90,58,86
male,group E,associate's degree,standard,completed,67,59,55
female,group A,bachelor's degree,standard,completed,85,88,100
female,group A,high school,standard,none,74,35,61
female,group C,associate's degree,free/reduced,completed,75,100,85
male,group B,master's degree,free/reduced,none,77,83,89
female,group D,associate's degree,free/reduced,none,75,71,64
male,group A,associate's degree,standard,none,78,67,65
female,group D,associate's degree,standard,none,88,72,75
female,group D,some college,standard,completed,71,75,68
female,group B,associate's degree,free/reduced,completed,79,77,69
male,group C,associate's degree,standard,completed,67,76,81
male,group B,some college,standard,none,90,69,77
female,group A,some college,free/reduced,completed,58,65,64
female,group D,master's degree,free/reduced,none,96,65,75
male,group B,bachelor's degree,free/reduced,none,68,65,51
male,group B,high school,standard,none,47,85,68
male,group B,high school,standard,none,70,76,57
female,group A,associate's degree,standard,none,58,23,39
male,group C,master's degree,free/reduced,none,81,77,68
female,group B,associate's degree,free/reduced,completed,59,70,80
male,group A,high school,free/reduced,completed,62,67,71
female,group D,some college,free/reduced,completed,40,62,51
female,group E,bachelor's degree,standard,completed,62,84,83
female,group A,master's degree,standard,none,32,82,50
male,group E,some college,standard,none,45,56,54
male,group B,bachelor's degree,standard,completed,80,74,78
male,group B,master's degree,standard,completed,80,53,68
female,group A,master's degree,standard,completed,75,47,71
female,group E,high school,standard,completed,54,58,61
male,group B,some college,standard,completed,68,80,76
female,group D,master's degree,free/reduced,completed,68,82,61
female,group C,master's degree,free/reduced,completed,51,75,55
female,group C,bachelor's degree,standard,completed,91,78,83
male,group B,high school,free/reduced,none,82,75,79
female,group E,associate's degree,standard,none,65,58,52
male,group B,high school,standard,none,69,74,90
male,group E,associate's degree,free/reduced,none,72,80,88
male,group D,some college,standard,completed,38,79,63
male,group E,some college,standard,none,65,85,75
male,group B,master's degree,standard,completed,58,78,66
female,group D,some college,standard,none,53,73,55
male,group A,master's degree,standard,completed,64,84,74
male,group C,high school,standard,completed,95,67,83
male,group B,some college,standard,none,78,54,56
female,group B,high school,free/reduced,none,60,65,65
female,group B,high school,free/reduced,completed,77,56,65
